{"cameraMode":{"drawMode":0,"name":"Shaded","section":"Shading Mode"},"sceneLighting":false,"audioPlay":false,"sceneViewState":{"showFog":true,"showMaterialUpdate":false,"showSkybox":false,"showFlares":true,"showImageEffects":true,"showParticleSystems":true},"in2DMode":false,"pivot":{"x":531.5315551757813,"y":50.50846481323242,"z":294.23309326171877},"rotation":{"x":-0.18580996990203858,"y":0.0962180346250534,"z":-0.01828613504767418,"w":-0.9776929616928101},"size":0.2857404351234436,"orthographic":false}