{"cameraMode":{"drawMode":0,"name":"Shaded","section":"Shading Mode"},"sceneLighting":false,"audioPlay":false,"sceneViewState":{"showFog":true,"showMaterialUpdate":false,"showSkybox":false,"showFlares":true,"showImageEffects":true,"showParticleSystems":true},"in2DMode":false,"pivot":{"x":-10.865246772766114,"y":-9.703146934509278,"z":4.7236528396606449},"rotation":{"x":0.2754673957824707,"y":-0.5198519229888916,"z":0.18173055350780488,"w":0.7879657745361328},"size":17.22195053100586,"orthographic":false}