{"cameraMode":{"drawMode":0,"name":"Shaded","section":"Shading Mode"},"sceneLighting":true,"audioPlay":false,"sceneViewState":{"showFog":true,"showMaterialUpdate":false,"showSkybox":true,"showFlares":true,"showImageEffects":true,"showParticleSystems":true},"in2DMode":false,"pivot":{"x":-0.9363069534301758,"y":2.020350694656372,"z":0.8300297260284424},"rotation":{"x":0.08923031389713288,"y":-0.8058103322982788,"z":0.1257515251636505,"w":0.5717613101005554},"size":7.463162899017334,"orthographic":false}